month	nodes	edges	mean_k	lcc_frac	alpha	xmin	sigma	R_ln	p_ln	mu_knn	modularity	n_comm	prev_month	new_nodes	lost_nodes	node_jaccard	new_edges	lost_edges	edge_jaccard	hub20_overlap
1999-11	6045	10634	3.51828	1	2.10132	5	0.0477934	-0.481496	0.630164	-0.52867	0.658718	33		nan	nan	nan	nan	nan	nan	nan
1999-12	6254	10954	3.50304	1	2.07032	5	0.0464917	-0.715705	0.474174	-0.504127	0.663708	32	1999-11	283	74	0.943584	1214	894	0.82208	0.95
2000-01	6419	11610	3.61739	1	2.21175	19	0.105072	-0.124618	0.900826	-0.528981	0.655515	31	1999-12	299	134	0.933923	1454	798	0.818504	1
2000-02	6911	13371	3.86948	1	2.10749	9	0.0596254	-0.442134	0.658392	-0.528132	0.644964	33	2000-01	604	112	0.898049	2785	1024	0.735394	0.9
2000-03	7021	13887	3.95585	1	2.07426	9	0.0575866	-0.668309	0.503936	-0.51371	0.633258	30	2000-02	175	65	0.96613	1105	589	0.882979	0.95
2000-08	8444	16509	3.91023	1	2.08519	6	0.0430305	-0.360009	0.71884	-0.53802	0.647781	33	2000-03	1719	296	0.769451	5431	2809	0.573455	0.9
2000-09	8588	16781	3.90801	1	2.12981	5	0.0391455	-1.50898	0.131303	-0.536029	0.645669	29	2000-08	205	61	0.969245	933	661	0.908611	0.95
2000-10	8871	17947	4.04622	1	2.11941	5	0.037231	-0.55283	0.58038	-0.517483	0.647001	29	2000-09	389	106	0.944859	2207	1041	0.828945	0.8
2000-11	7882	15907	4.03629	1	2.10016	10	0.0595771	-0.187368	0.851372	-0.536779	0.635066	36	2000-10	318	1307	0.823158	1363	3403	0.753185	0.9
2000-12	9494	19316	4.0691	1	2.08573	10	0.0533609	-0.365408	0.714807	-0.53525	0.641654	31	2000-11	1745	133	0.804924	4383	974	0.735978	0.95
2001-01	9765	19648	4.02417	1	2.10083	9	0.050616	-0.196167	0.84448	-0.536666	0.646014	29	2000-12	416	145	0.943391	1864	1532	0.83966	0.95
2001-02	10052	20030	3.98528	1	2.1027	6	0.03961	-0.221543	0.824669	-0.540695	0.649675	30	2001-01	452	165	0.93961	1920	1538	0.83967	0.95
2001-03	10369	20810	4.01389	1	2.11228	5	0.0349642	-0.831318	0.405794	-0.526401	0.649434	37	2001-02	477	160	0.9395	2215	1435	0.835918	0.95
2001-04	10706	21436	4.00448	1	2.09565	6	0.0383555	-0.232394	0.816232	-0.534181	0.651668	35	2001-03	499	162	0.939179	2159	1533	0.839262	0.95
2001-05	10971	21451	3.91049	1	2.10981	5	0.0349039	-0.258792	0.795796	-0.539519	0.655185	41	2001-04	421	156	0.948144	1895	1880	0.838198	0.95
2001-06	11255	22233	3.95078	1	2.12223	5	0.0343719	-0.503455	0.614644	-0.543044	0.656441	34	2001-05	562	278	0.927166	2703	1921	0.808562	0.95
2001-07	11421	22262	3.89843	1	2.13158	5	0.0348221	-0.724783	0.468585	-0.535575	0.657452	37	2001-06	315	149	0.959896	1631	1602	0.864524	0.95
2001-08	11662	22100	3.79009	1	2.14234	5	0.0355251	-0.959663	0.337225	-0.552698	0.660704	41	2001-07	479	238	0.939748	1911	2073	0.835188	1
2001-09	11804	22333	3.78397	1	2.13139	5	0.0352188	-0.79905	0.424261	-0.525855	0.661768	37	2001-08	350	208	0.953546	1716	1483	0.865679	0.95
2001-10	12043	22770	3.78145	1	2.11652	5	0.0347389	-0.214735	0.829974	-0.534616	0.665908	34	2001-09	432	193	0.948921	2003	1566	0.853345	0.95
2001-11	12206	22998	3.76831	1	2.08477	6	0.0380915	-0.294147	0.768646	-0.519493	0.665334	35	2001-10	444	281	0.94194	2072	1844	0.842364	1
2001-12	12381	23702	3.82877	1	2.1003	6	0.0378963	-0.279201	0.780091	-0.527625	0.663126	36	2001-11	429	254	0.945944	2394	1690	0.839162	1
2002-01	12483	23862	3.82312	1	2.12446	5	0.0341374	-0.720732	0.471074	-0.526218	0.66331	34	2001-12	321	219	0.957487	1798	1638	0.865255	1
2002-02	12637	24275	3.84189	1	2.10316	6	0.0375521	-0.515588	0.606142	-0.536478	0.660628	38	2002-01	366	212	0.955016	1907	1494	0.86802	0.95
2002-03	12806	24614	3.84414	1	2.10132	6	0.0371677	-0.348008	0.727834	-0.540949	0.662169	40	2002-02	351	182	0.958962	1828	1489	0.872926	0.95
2002-04	12989	25056	3.85803	1	2.1059	6	0.0370698	0.336305	0.736641	-0.524454	0.662005	38	2002-03	351	168	0.960553	2265	1823	0.847911	0.95
2002-05	13161	25223	3.83299	1	2.11417	6	0.0371184	0.27493	0.78337	-0.545751	0.660276	48	2002-04	394	222	0.953971	1838	1671	0.869525	0.95
2002-06	13307	25559	3.84144	1	2.14182	5	0.0332677	-1.1534	0.248745	-0.550643	0.662888	39	2002-05	328	182	0.962191	1932	1596	0.870079	0.95
2002-07	13457	25586	3.80263	1	2.12933	5	0.0330872	-0.648101	0.51692	-0.533555	0.664891	41	2002-06	336	186	0.961739	1878	1851	0.864089	0.9
2002-08	13602	25284	3.71769	1	2.11925	5	0.0332957	-1.25764	0.208524	-0.529291	0.672282	36	2002-07	355	210	0.959094	2075	2377	0.839051	0.9
2002-09	13739	25430	3.70187	1	2.10848	6	0.037073	-0.164189	0.869582	-0.53987	0.666755	40	2002-08	330	193	0.962461	2087	1941	0.852837	0.95
2002-10	13934	25979	3.72886	1	2.12299	6	0.0369438	-0.46842	0.639484	-0.529545	0.666471	36	2002-09	368	173	0.96165	2051	1502	0.870711	0.95
2002-11	14113	25749	3.64898	1	2.1352	5	0.0333884	-0.359301	0.71937	-0.53661	0.672633	39	2002-10	355	176	0.962839	1802	2032	0.861992	0.95
2002-12	14277	26681	3.73762	1	2.13004	6	0.036472	-0.215758	0.829176	-0.536915	0.667372	40	2002-11	333	169	0.96525	2359	1427	0.865305	0.95
2003-01	14443	27041	3.74451	1	2.11329	6	0.0358938	-0.0524635	0.958159	-0.532919	0.670979	42	2002-12	345	179	0.964164	1810	1450	0.885578	0.9
2003-02	14656	27351	3.7324	1	2.12452	11	0.0513805	0.0518284	0.958665	-0.530991	0.674725	35	2003-01	385	172	0.962436	1965	1655	0.875198	0.95
2003-03	14853	27633	3.72086	1	2.13574	8	0.0426235	0.221635	0.824598	-0.533521	0.677449	41	2003-02	342	145	0.967529	1777	1495	0.887668	1
2003-04	15015	27939	3.72148	1	2.13597	5	0.0319516	-0.41642	0.677102	-0.52009	0.678764	41	2003-03	321	159	0.968367	1873	1567	0.883414	1
2003-05	15211	28414	3.73598	1	2.1371	7	0.0390713	0.436431	0.662524	-0.512189	0.678423	44	2003-04	371	175	0.964513	2077	1602	0.877432	0.95
2003-06	15370	28655	3.72869	1	2.13321	6	0.0354129	0.646038	0.518255	-0.526125	0.680142	43	2003-05	330	171	0.967763	1856	1615	0.885332	0.95
2003-07	15525	28960	3.73076	1	2.12297	7	0.0385175	0.909251	0.363217	-0.52462	0.678271	42	2003-06	317	162	0.969465	1794	1489	0.89218	0.95
2003-08	15720	29338	3.73257	1	2.1242	7	0.0383126	0.357457	0.72075	-0.513564	0.679448	39	2003-07	344	149	0.968933	1919	1541	0.88795	1
2003-09	15851	29768	3.75598	1	2.11448	7	0.0376548	0.355946	0.721881	-0.515769	0.679618	34	2003-08	318	187	0.968512	1955	1525	0.888793	1
2003-10	15982	28719	3.59392	1	2.12673	6	0.0353312	-0.361063	0.718052	-0.529347	0.693688	38	2003-09	326	195	0.967794	1782	2831	0.853788	0.95
2003-11	16215	29062	3.58458	1	2.12581	6	0.0350959	0.117208	0.906695	-0.533849	0.692901	38	2003-10	394	161	0.966109	2116	1773	0.873877	0.95
2003-12	16340	30072	3.68078	1	2.13187	6	0.0343149	-0.316967	0.751269	-0.530714	0.688045	37	2003-11	297	172	0.971596	2397	1387	0.879716	0.95
2004-01	16522	30696	3.71577	1	2.12137	7	0.0372138	-0.439942	0.659979	-0.505883	0.684472	40	2003-12	325	143	0.971917	2047	1423	0.891964	1
2004-02	16678	30943	3.71064	1	2.12312	6	0.0337104	-0.259408	0.79532	-0.519332	0.683298	35	2004-01	310	154	0.972433	1666	1419	0.904672	1
2004-03	16854	31484	3.73609	1	2.09441	8	0.0392363	-0.238413	0.811561	-0.522532	0.685478	36	2004-02	317	141	0.973051	2089	1548	0.889895	0.95
2004-04	17085	32202	3.76962	1	2.11741	6	0.0328225	-0.287968	0.773371	-0.498629	0.682684	43	2004-03	391	160	0.968049	2599	1881	0.868556	0.95
2004-05	17295	32831	3.79659	1	2.12295	6	0.032444	-1.17212	0.241149	-0.491872	0.685355	40	2004-04	397	187	0.966594	2175	1546	0.891759	0.95
2004-06	17489	33093	3.78444	1	2.12825	5	0.0288442	-0.839935	0.400945	-0.498622	0.684141	37	2004-05	339	145	0.972553	1876	1614	0.899444	0.95
2004-07	17663	33472	3.79007	1	2.13086	5	0.0286777	-1.08613	0.27742	-0.512315	0.685366	41	2004-06	353	179	0.970183	2030	1651	0.895197	1
2004-08	17843	33765	3.78468	1	2.12632	5	0.0284984	-1.20924	0.226571	-0.509003	0.685484	39	2004-07	339	159	0.972336	1878	1585	0.902037	0.95
2004-09	18114	34420	3.80038	1	2.11915	7	0.0346036	-0.846138	0.397476	-0.50117	0.6852	36	2004-08	427	156	0.96809	2307	1652	0.890247	1
2004-10	18365	35236	3.8373	1	2.11221	6	0.0310508	-0.157542	0.874818	-0.496364	0.682575	38	2004-09	348	97	0.975896	2165	1349	0.90395	1
2004-11	18493	35175	3.80414	1	2.10432	7	0.0340639	-0.25072	0.802031	-0.502564	0.681051	36	2004-10	366	238	0.967754	1910	1971	0.89552	0.95
2004-12	18712	35609	3.80601	1	2.08992	7	0.0335876	-0.482692	0.629314	-0.502188	0.684172	34	2004-11	360	141	0.973426	2020	1586	0.903051	0.95
2005-01	18886	35886	3.80028	1	2.08603	7	0.033452	-0.510431	0.609749	-0.501877	0.682778	38	2004-12	344	170	0.973027	1945	1668	0.903792	0.95
2005-02	19049	35782	3.75684	1	2.11573	7	0.0341568	-0.382129	0.702366	-0.5113	0.685741	32	2005-01	342	179	0.972904	1964	2068	0.893474	1
2005-03	19210	35734	3.72035	1	2.12518	6	0.0314007	-1.35128	0.176604	-0.51227	0.68862	40	2005-02	319	158	0.975372	1837	1885	0.901061	1
2005-04	19458	36173	3.71806	1	2.11474	6	0.0310731	-0.471605	0.637209	-0.520076	0.687068	36	2005-03	399	151	0.971952	2036	1597	0.903813	0.95
2005-05	19720	36685	3.72059	1	2.14215	5	0.0278905	-1.44975	0.147129	-0.525421	0.691903	36	2005-04	413	151	0.971617	1980	1468	0.909627	0.95
2005-06	19920	36986	3.71345	1	2.11706	6	0.0307578	-0.845758	0.397688	-0.506131	0.692813	36	2005-05	368	168	0.973317	1878	1577	0.910406	0.95
2005-07	20117	37629	3.74102	1	2.13781	5	0.0273794	-1.67557	0.0938223	-0.499146	0.693547	42	2005-06	404	207	0.969937	2421	1778	0.893445	0.95
2005-08	20333	37515	3.69006	1	2.13812	5	0.0276115	-1.33591	0.181578	-0.510769	0.693514	43	2005-07	403	187	0.971248	2056	2170	0.893511	1
2005-09	20539	37942	3.69463	1	2.10711	6	0.0302101	-0.359056	0.719553	-0.506483	0.695188	42	2005-08	401	195	0.971255	2180	1753	0.90092	1
2005-10	20759	38544	3.71347	1	2.11145	7	0.0328178	-0.726383	0.467604	-0.496409	0.695435	37	2005-09	401	181	0.972206	2561	1959	0.888403	1
2005-11	20925	38618	3.69109	1	2.09682	8	0.035308	-0.29819	0.765558	-0.507543	0.697227	43	2005-10	351	185	0.974609	2122	2048	0.897457	1
2005-12	21161	38742	3.66164	1	2.09888	6	0.0296885	-0.274565	0.78365	-0.507269	0.700198	41	2005-11	397	161	0.97383	2387	2263	0.886599	1
2006-01	21389	38891	3.63654	1	2.12257	5	0.0269349	-1.11341	0.265534	-0.516074	0.703529	46	2005-12	419	191	0.971733	2179	2030	0.897143	1
2006-02	21506	38219	3.55426	1	2.07952	9	0.0382385	-0.350526	0.725944	-0.536057	0.707407	37	2006-01	352	235	0.973	1888	2560	0.890924	1
2006-03	21723	38854	3.57722	1	2.08325	9	0.0379679	-0.283464	0.776821	-0.520386	0.709975	41	2006-02	374	157	0.975731	2233	1598	0.905295	1
2006-04	22020	40946	3.71898	1	2.10779	6	0.0287956	-0.206131	0.836689	-0.498377	0.700733	36	2006-03	497	200	0.968632	3704	1612	0.875088	1
2006-05	22189	41685	3.75727	1	2.11099	6	0.0285905	-0.562957	0.573464	-0.499157	0.701799	43	2006-04	365	196	0.974939	2579	1840	0.898472	1
2006-06	22490	42501	3.77955	1	2.106	6	0.0280383	-0.305163	0.760242	-0.489816	0.702407	41	2006-05	472	171	0.971625	2913	2097	0.887663	0.9
2006-07	22716	42878	3.77514	1	2.10832	6	0.0279004	-0.326301	0.744197	-0.493991	0.703997	39	2006-06	426	200	0.972683	2398	2021	0.901579	1
2006-08	22943	43423	3.78529	1	2.09291	6	0.0275125	-0.353124	0.723995	-0.487243	0.70492	37	2006-07	388	161	0.976238	2315	1770	0.90961	1
2006-09	23165	44011	3.79978	1	2.08747	6	0.0272209	-0.471394	0.637359	-0.498666	0.703699	38	2006-08	406	184	0.974731	2295	1707	0.912463	1
2006-10	23401	44722	3.82223	1	2.07846	6	0.0267368	-0.68542	0.493079	-0.50457	0.702587	35	2006-09	432	196	0.973386	2480	1769	0.908606	1
2006-11	23697	44683	3.77119	1	2.10628	7	0.0297693	-0.309774	0.756732	-0.48583	0.70374	43	2006-10	476	180	0.972526	2364	2403	0.89876	1
2006-12	24019	45763	3.81057	1	2.09548	7	0.0291326	-0.433008	0.665009	-0.499071	0.705476	45	2006-11	500	178	0.97198	3038	1958	0.895308	0.95
2007-01	24248	46098	3.80221	1	2.0863	6	0.0264324	-0.567166	0.570601	-0.496471	0.704388	31	2006-12	386	157	0.97775	2419	2084	0.906542	0.95
2007-02	24467	46916	3.83504	1	2.1107	8	0.0313028	-0.261349	0.793824	-0.487272	0.70594	39	2007-01	386	167	0.977551	2685	1867	0.906689	0.95
2007-03	24728	47526	3.8439	1	2.07916	6	0.0258784	-0.715784	0.474125	-0.498173	0.706943	36	2007-02	445	184	0.974751	2885	2275	0.896388	1
2007-04	25020	48091	3.8442	1	2.09382	6	0.0259043	-0.460236	0.645347	-0.500146	0.706815	43	2007-03	479	187	0.973579	2934	2369	0.894907	1
2007-05	25309	48134	3.80371	1	2.08731	7	0.0282823	-0.670298	0.502668	-0.498551	0.707498	41	2007-04	489	200	0.97299	2584	2541	0.898865	1
2007-06	25578	49335	3.85761	1	2.08865	7	0.0278046	-0.641913	0.52093	-0.495096	0.707167	38	2007-05	470	201	0.973971	3236	2035	0.897391	1
2007-07	25828	49829	3.85853	0.999923	2.10024	7	0.0278832	-0.43004	0.667166	-0.505306	0.707931	40	2007-06	421	171	0.97723	2730	2236	0.904619	1
2007-08	26058	50032	3.84005	0.999923	2.09059	8	0.0300518	-0.591644	0.554089	-0.512619	0.708758	41	2007-07	456	226	0.974053	2552	2349	0.906436	1
2007-09	26307	49632	3.77329	0.999924	2.10932	7	0.0282772	-0.285834	0.775006	-0.514125	0.710856	39	2007-08	464	215	0.974399	2925	3325	0.88198	0.95
2007-10	26551	50820	3.8281	0.999925	2.0986	6	0.0252703	-0.398351	0.690371	-0.518021	0.709789	39	2007-09	447	203	0.975705	3451	2263	0.892357	0.95
2007-11	26814	51555	3.84538	0.999925	2.10019	6	0.0250173	-0.43042	0.66689	-0.509026	0.710281	43	2007-10	504	241	0.972464	3073	2338	0.899597	1
2007-12	27008	51601	3.82116	0.999926	2.10287	7	0.0274433	-0.390685	0.69603	-0.495499	0.709628	38	2007-11	458	264	0.973526	2760	2714	0.899218	1
2008-01	27191	51913	3.8184	0.999926	2.10442	9	0.03175	-0.394495	0.693216	-0.503321	0.709261	40	2007-12	413	230	0.976551	2757	2445	0.904301	0.95
2008-02	27464	52490	3.82246	1	2.09341	6	0.0247673	-0.465953	0.641249	-0.511614	0.709472	34	2008-01	480	207	0.975173	3392	2815	0.887768	1
2008-03	27831	53872	3.87137	0.999928	2.10552	9	0.0311444	-0.346749	0.72878	-0.518576	0.710052	37	2008-02	484	117	0.978496	3259	1877	0.907873	1
2008-04	28016	54051	3.85858	0.999929	2.10212	6	0.0244012	-0.37129	0.710421	-0.517195	0.709059	35	2008-03	494	309	0.97165	3199	3020	0.89103	0.95
2008-05	28341	54762	3.86451	0.999929	2.0922	7	0.0264509	-0.459737	0.645705	-0.509502	0.706411	34	2008-04	530	205	0.974252	3538	2827	0.889475	0.95
2008-06	28561	55887	3.91352	0.99993	2.11286	5	0.0215087	-0.721832	0.470398	-0.510057	0.702798	36	2008-05	471	251	0.974941	3545	2420	0.897697	0.95
2008-07	28860	55960	3.87803	1	2.12126	5	0.0216268	-1.62557	0.104041	-0.508388	0.707496	34	2008-06	522	223	0.974384	3031	2958	0.89835	0.95
2008-08	29128	56725	3.89488	0.999931	2.11318	14	0.0388502	-0.360696	0.718326	-0.522282	0.707814	43	2008-07	481	213	0.976347	3298	2533	0.9016	0.9
2008-09	29383	58293	3.9678	0.999932	2.10197	7	0.0256619	-0.377879	0.70552	-0.508855	0.700916	35	2008-08	480	225	0.976189	4381	2813	0.88227	0.8
2008-10	29674	58944	3.97277	0.999933	2.12326	15	0.0397879	-0.128702	0.897593	-0.501154	0.697905	38	2008-09	501	210	0.976208	3691	3040	0.891407	0.95
2008-11	29983	59883	3.99446	0.999933	2.10899	6	0.0231392	-1.25455	0.209643	-0.504817	0.697738	37	2008-10	505	196	0.976772	3678	2739	0.897528	0.95
2008-12	30248	59549	3.93738	0.999934	2.08868	8	0.0274062	-0.39606	0.692061	-0.510789	0.703304	37	2008-11	486	221	0.976796	3249	3583	0.891782	0.95
2009-01	30509	59880	3.9254	1	2.10796	14	0.0378693	-0.388533	0.697621	-0.520954	0.706156	38	2008-12	481	220	0.977188	3190	2859	0.903585	1
2009-02	30721	60507	3.93913	1	2.11863	16	0.0407924	-0.219559	0.826215	-0.515175	0.702719	39	2009-01	472	260	0.976373	3537	2910	0.89834	0.95
2009-03	30985	59399	3.83405	1	2.12736	22	0.0499694	-0.280381	0.779185	-0.523999	0.712056	43	2009-02	509	245	0.975857	3274	4382	0.879964	0.85
2009-04	31238	60241	3.85691	1	2.11479	15	0.0394386	-0.361653	0.717611	-0.532564	0.712767	44	2009-03	520	267	0.97502	3550	2708	0.900586	1
2009-05	31461	60874	3.86981	1	2.10208	15	0.0390867	-0.479541	0.631554	-0.528666	0.709575	42	2009-04	492	269	0.976016	3601	2968	0.897105	1
2009-06	31660	60990	3.85281	1	2.10521	15	0.0390995	-0.464656	0.642178	-0.509535	0.712532	46	2009-05	453	254	0.977847	2891	2775	0.911142	1
2009-07	31926	62374	3.90741	1	2.11638	15	0.0388205	-0.251333	0.801557	-0.515434	0.709494	44	2009-06	519	253	0.976009	4138	2754	0.894178	0.9
2009-08	32211	62952	3.90873	1	2.0974	14	0.0368469	-0.502046	0.615635	-0.510776	0.705262	42	2009-07	501	216	0.977889	3414	2836	0.904998	0.95
2009-09	32396	62321	3.84745	1	2.08837	8	0.0269246	-0.462123	0.643993	-0.520899	0.708668	46	2009-08	457	272	0.977685	3167	3798	0.89466	0.9
2009-10	32643	62387	3.82238	1	2.09143	8	0.0268854	-0.446259	0.65541	-0.519253	0.714559	43	2009-09	484	237	0.978072	3480	3414	0.89523	0.95
2009-11	32925	63808	3.87596	1	2.08114	9	0.0282947	-0.549764	0.582481	-0.506909	0.711785	44	2009-10	555	273	0.975059	4210	2789	0.894905	0.95
2009-12	33246	63857	3.84148	1	2.08731	8	0.0265752	-0.457748	0.647133	-0.522761	0.712969	44	2009-11	548	227	0.976847	3338	3289	0.901305	1
2010-01	33462	64861	3.8767	1	2.09231	8	0.0263686	-0.417922	0.676004	-0.532373	0.706885	46	2009-12	486	270	0.977588	3726	2722	0.904591	1
2010-02	33659	63200	3.75531	1	2.07772	8	0.0267927	-0.647596	0.517246	-0.54819	0.724186	42	2010-01	424	227	0.980789	2763	4424	0.893721	0.95
2010-03	33886	63908	3.77194	1	2.07951	8	0.0266403	-0.627759	0.530162	-0.538419	0.721374	40	2010-02	469	242	0.979167	2911	2203	0.922645	1
2010-04	34272	64758	3.77906	1	2.07915	8	0.0265026	-0.629549	0.52899	-0.542448	0.722763	40	2010-03	685	299	0.971537	3637	2787	0.904893	1
2010-05	34617	66657	3.85111	1	2.08889	8	0.0261192	-0.445903	0.655667	-0.562546	0.721067	40	2010-04	548	203	0.978432	4136	2237	0.907496	0.95
2010-06	34777	66740	3.83817	1	2.0939	8	0.0261867	-0.393718	0.693789	-0.557388	0.722497	43	2010-05	476	316	0.977431	2710	2627	0.923061	1
2010-07	34977	67583	3.86443	1	2.09311	8	0.026093	-0.416562	0.676999	-0.550757	0.717514	40	2010-06	500	300	0.977322	4151	3308	0.894782	0.95
2010-08	35224	67966	3.85907	1	2.09138	8	0.0260444	-0.41096	0.681102	-0.555625	0.7193	43	2010-07	493	246	0.979165	2873	2490	0.923882	1
2010-09	35477	68218	3.84576	1	2.08747	9	0.0278472	-0.478401	0.632365	-0.545798	0.720524	44	2010-08	508	255	0.978647	2872	2620	0.922471	1
2010-10	35720	69501	3.89143	1	2.09069	10	0.0292126	-0.467332	0.640262	-0.551109	0.714741	45	2010-09	480	237	0.98006	4369	3086	0.897296	1
2010-11	35954	68641	3.81827	1	2.08276	9	0.0277449	-0.601805	0.547304	-0.547802	0.720162	48	2010-10	491	257	0.979343	3660	4520	0.888192	1
2010-12	36280	69109	3.80976	1	2.08556	9	0.0276807	-0.609522	0.542179	-0.552845	0.722758	43	2010-11	559	233	0.978309	3015	2547	0.922379	1
2011-01	36561	69959	3.82697	1	2.08195	9	0.0274285	-0.68002	0.496492	-0.558026	0.720982	46	2010-12	512	231	0.979805	3463	2613	0.916276	1
2011-02	36724	70164	3.82115	1	2.08303	9	0.0274471	-0.63044	0.528407	-0.549697	0.722703	41	2011-01	454	291	0.979873	2809	2604	0.925613	1
2011-03	37089	72943	3.9334	1	2.08057	10	0.0282993	-0.706507	0.479873	-0.544527	0.712819	49	2011-02	602	237	0.977522	5131	2352	0.900618	0.95
2011-04	37402	73999	3.95695	1	2.09162	10	0.0282232	-0.463882	0.642732	-0.536389	0.711407	50	2011-03	574	261	0.97783	4428	3372	0.899187	0.95
2011-05	37704	74473	3.9504	1	2.09812	9	0.0265321	-0.352884	0.724175	-0.539197	0.713587	39	2011-04	555	253	0.978713	3503	3029	0.915718	1
2011-06	38037	74475	3.91592	1	2.07314	10	0.0278667	-0.766361	0.443462	-0.544161	0.718267	49	2011-05	586	253	0.978088	3423	3421	0.912139	1
2011-07	38422	76350	3.97429	1	2.08581	10	0.0275529	-0.561656	0.574351	-0.538332	0.712453	51	2011-06	628	243	0.977473	5012	3137	0.89748	0.95
2011-08	38677	77077	3.98568	1	2.08215	10	0.0273283	-0.662318	0.507767	-0.535924	0.711078	48	2011-07	513	258	0.980198	3325	2598	0.92566	0.95
2011-09	39035	79593	4.07803	1	2.09243	10	0.0268774	-0.452905	0.650617	-0.530148	0.705558	46	2011-08	592	234	0.978966	5365	2849	0.900366	0.95
2011-10	39303	79708	4.05608	1	2.08729	10	0.0268569	-0.523134	0.600881	-0.542912	0.70698	56	2011-09	532	264	0.979882	3473	3358	0.917764	1
2011-11	39542	80274	4.06019	1	2.09839	10	0.0269104	-0.321941	0.747498	-0.51876	0.705937	53	2011-10	548	309	0.978495	3921	3355	0.912997	0.95
2011-12	39809	80635	4.05109	1	2.16882	5	0.0181414	-2.64831	0.0080896	-0.541273	0.711024	47	2011-11	557	290	0.978877	4180	3819	0.905286	0.95
2012-01	40129	82207	4.09714	1	2.08822	11	0.0278848	-0.504077	0.614207	-0.540281	0.704999	56	2011-12	586	266	0.978908	5106	3534	0.899231	0.95
2012-02	40358	82904	4.10843	1	2.09214	11	0.0278033	-0.488838	0.624956	-0.548645	0.703827	61	2012-01	481	252	0.98195	3563	2866	0.925044	0.95
2012-03	40634	83015	4.08599	1	2.09552	11	0.0279346	-0.391121	0.695708	-0.541467	0.703177	53	2012-02	563	287	0.979228	3557	3446	0.919004	0.95
2012-04	40982	83871	4.09307	1	2.09586	10	0.0262186	-0.392993	0.694324	-0.545096	0.702917	55	2012-03	657	309	0.976605	4057	3201	0.916644	0.95
2012-05	41296	84703	4.10224	1	2.07773	13	0.0300531	-0.810799	0.417481	-0.552836	0.702967	50	2012-04	578	264	0.97974	3773	2941	0.923395	1
2012-06	41589	85975	4.13451	1	2.15051	5	0.0173092	-1.33123	0.183114	-0.538139	0.702314	54	2012-05	581	288	0.979249	5055	3783	0.901535	0.95
2012-07	41796	86641	4.1459	1	2.15662	5	0.0172322	-1.2873	0.197988	-0.539032	0.706068	47	2012-06	552	345	0.978714	4409	3743	0.909807	1
2012-08	42079	87205	4.14482	1	2.18711	4	0.015052	-2.35257	0.0186443	-0.551785	0.706301	51	2012-07	584	301	0.979118	4278	3714	0.912098	0.95
2012-09	42421	88317	4.16383	1	2.18351	4	0.0149167	-2.13947	0.0323975	-0.552314	0.707838	49	2012-08	590	248	0.98036	4416	3304	0.91574	0.95
2012-10	42625	89591	4.20368	1	2.1624	5	0.0169428	-1.25469	0.20959	-0.547822	0.702007	46	2012-09	500	296	0.981454	4220	2946	0.922561	1
2012-11	42688	89628	4.19921	1	2.15772	5	0.0168727	-0.573734	0.566148	-0.557622	0.704412	46	2012-10	581	518	0.974564	4016	3979	0.91459	1
2012-12	43162	90915	4.21273	1	2.15695	5	0.0167603	-1.123	0.261436	-0.556146	0.702131	49	2012-11	759	285	0.975971	4485	3198	0.918364	1
2013-01	43393	92573	4.26673	1	2.14794	5	0.0164868	-0.967003	0.333542	-0.563525	0.697212	50	2012-12	488	257	0.982932	4416	2758	0.924746	1
2013-02	43658	93570	4.2865	1	2.14131	5	0.0163345	-0.650215	0.515554	-0.55253	0.696888	59	2013-01	549	284	0.981043	4167	3170	0.924158	0.95
2013-03	43901	94239	4.29325	1	2.15431	5	0.0163736	-0.950594	0.341811	-0.566553	0.696331	58	2013-02	512	269	0.982318	4342	3673	0.918141	0.95
2013-04	44141	92817	4.20548	1	2.16457	5	0.0166452	-1.88416	0.0595433	-0.560823	0.702637	56	2013-03	552	312	0.980564	3848	5270	0.907042	0.95
2013-05	44431	94059	4.23394	1	2.16012	5	0.0164992	-1.3928	0.163681	-0.565453	0.699478	56	2013-04	590	300	0.980103	4876	3634	0.91289	0.95
2013-06	44656	93585	4.19137	1	2.1645	5	0.0166579	-1.77136	0.0765004	-0.556052	0.701102	60	2013-05	530	305	0.981428	3787	4261	0.917748	0.95
2013-07	44841	94705	4.22404	1	2.14975	6	0.0184296	-2.14276	0.0321328	-0.562985	0.700947	51	2013-06	505	320	0.981732	4668	3548	0.916379	0.95
2013-08	45028	94733	4.20774	1	2.16461	5	0.016513	-2.32163	0.0202527	-0.558468	0.701156	58	2013-07	542	355	0.980235	3976	3948	0.919701	1
2013-09	45327	96198	4.24462	1	2.15961	5	0.0163342	-1.85432	0.0636941	-0.57334	0.699427	60	2013-08	603	304	0.980123	4705	3240	0.920101	1
2013-10	45519	96707	4.24908	1	2.15392	5	0.0162605	-1.56048	0.118647	-0.568297	0.699102	57	2013-09	532	340	0.980985	4467	3958	0.916307	0.95
2013-11	45809	97612	4.2617	1	2.15036	5	0.0161511	-0.854153	0.39302	-0.569094	0.699849	65	2013-10	594	304	0.980526	4868	3963	0.913059	1
2013-12	46051	98232	4.26623	1	2.14772	5	0.0160854	-0.884342	0.376512	-0.57108	0.698714	51	2013-11	555	313	0.981279	4306	3686	0.921584	0.95
2014-01	46249	98223	4.24757	1	2.15458	5	0.0161531	-0.77658	0.437407	-0.562055	0.698559	60	2013-12	507	309	0.982473	3884	3893	0.923842	0.9
2014-02	46521	99009	4.25653	1	2.15578	5	0.0160819	-1.23226	0.217853	-0.562275	0.698724	56	2014-01	555	283	0.982096	4140	3354	0.92679	0.95
2014-03	46676	99947	4.28259	1	2.1482	6	0.0179057	-0.561785	0.574263	-0.573523	0.69519	54	2014-02	487	332	0.982577	5370	4432	0.906092	0.95
2014-04	47005	98278	4.1816	1	2.15368	6	0.018255	-1.1651	0.24398	-0.569939	0.704698	49	2014-03	617	288	0.980864	4375	6044	0.900127	0.8
2014-05	47314	99547	4.20793	1	2.1283	9	0.0229883	-0.125279	0.900303	-0.563309	0.704079	62	2014-04	593	284	0.981575	4646	3377	0.922049	0.95
2014-06	47584	99866	4.19746	1	2.18028	5	0.0162987	-2.70618	0.00680613	-0.572523	0.703622	62	2014-05	595	325	0.980797	3917	3598	0.927366	1
2014-07	47784	99353	4.15842	1	2.13345	8	0.0215554	0.327221	0.743501	-0.58289	0.709241	47	2014-06	537	337	0.981837	3951	4464	0.918944	0.95
2014-08	48087	101644	4.2275	1	2.13893	7	0.0195296	-0.622472	0.533631	-0.570019	0.701613	62	2014-07	647	344	0.979538	5781	3490	0.911817	0.95
2014-09	48392	102185	4.22322	1	2.13277	8	0.0211152	-0.151622	0.879485	-0.566763	0.700399	63	2014-08	648	343	0.979666	4334	3793	0.923314	1
2014-10	48713	102640	4.21407	1	2.13734	7	0.0195138	-1.02957	0.303211	-0.571633	0.701903	56	2014-09	597	276	0.98218	4585	4130	0.918376	0.95
2014-11	48984	103431	4.22305	1	2.14369	7	0.0194573	-1.34265	0.179384	-0.585021	0.701815	57	2014-10	596	325	0.981322	5185	4394	0.911162	0.95
2014-12	49271	104173	4.22857	1	2.13981	6	0.017571	0.00291422	0.997675	-0.575359	0.702814	57	2014-11	570	283	0.982786	4555	3813	0.922508	0.9
2015-01	49546	104555	4.22052	1	2.12715	9	0.0223781	0.0122054	0.990262	-0.587408	0.702756	52	2014-12	591	316	0.98181	4512	4130	0.920486	0.95
2015-02	49789	104966	4.21643	1	2.12509	8	0.020771	0.0655581	0.94773	-0.585857	0.703785	68	2015-01	594	351	0.981153	4645	4234	0.91869	1
2015-03	50024	105194	4.20574	1	2.1365	8	0.0208929	-0.566613	0.570977	-0.592234	0.704302	56	2015-02	571	336	0.98199	5031	4803	0.910598	1
2015-04	50383	107779	4.27839	1	2.13869	6	0.0172036	0.105469	0.916004	-0.587435	0.69756	57	2015-03	684	325	0.980102	6527	3942	0.906293	0.95
2015-05	50714	108108	4.26344	1	2.12358	9	0.0219093	-0.0282627	0.977453	-0.580033	0.698964	69	2015-04	641	310	0.981362	5298	4969	0.909203	0.95
2015-06	50971	108866	4.27168	1	2.13116	6	0.0170762	0.135013	0.892601	-0.596662	0.702859	52	2015-05	624	367	0.980697	5655	4897	0.907246	0.9
2015-07	51340	109963	4.28372	1	2.13636	6	0.0170099	0.801482	0.422853	-0.604634	0.702929	64	2015-06	679	310	0.980852	4913	3816	0.923281	1
2015-08	51604	110541	4.2842	1	2.13108	6	0.0169119	0.0166325	0.98673	-0.610531	0.704835	56	2015-07	637	373	0.980568	4715	4137	0.92281	1
2015-09	51869	110299	4.25298	1	2.14054	6	0.017042	0.558847	0.576266	-0.606436	0.706389	49	2015-08	588	323	0.982545	4297	4539	0.923057	0.9
2015-10	52141	108152	4.14844	1	2.12024	10	0.023528	-0.205742	0.836993	-0.616606	0.712403	52	2015-09	613	341	0.981822	4350	6497	0.905389	0.9
2015-11	52460	109354	4.16904	1	2.11929	10	0.0233489	-0.216538	0.828568	-0.615431	0.709006	56	2015-10	652	333	0.981342	4975	3773	0.922671	0.95
2015-12	52739	109002	4.13364	1	2.12077	12	0.026121	-0.234231	0.814806	-0.611741	0.710157	74	2015-11	604	325	0.982493	4212	4564	0.922723	1
2016-01	53007	109338	4.12542	1	2.12406	10	0.0234536	-0.180395	0.856842	-0.610048	0.714862	56	2015-12	642	374	0.980967	4667	4331	0.92084	0.95
2016-02	53278	110207	4.13705	1	2.12982	9	0.0220058	-0.152687	0.878645	-0.612278	0.70686	73	2016-01	569	298	0.983817	4639	3770	0.926222	0.95
2016-03	53592	110549	4.12558	1	2.12641	10	0.0233707	-0.143333	0.886027	-0.608655	0.711354	54	2016-02	644	330	0.981937	4268	3926	0.928421	1
2016-04	53907	112125	4.15994	1	2.12086	11	0.0245175	-0.20992	0.83373	-0.628503	0.703638	64	2016-03	698	383	0.980088	5406	3830	0.920348	1
2016-05	54249	112377	4.14301	1	2.11431	11	0.0244799	-0.284181	0.776272	-0.622489	0.706325	56	2016-04	670	328	0.981714	4558	4306	0.924033	0.95
2016-06	54574	113403	4.15594	1	2.11851	11	0.0243846	-0.219636	0.826155	-0.626337	0.703784	54	2016-05	670	345	0.981518	5425	4399	0.916606	0.95
2016-07	54874	114495	4.17301	1	2.12944	13	0.0268457	-0.0572094	0.954378	-0.630803	0.703354	64	2016-06	692	392	0.980386	5350	4258	0.919093	0.95
2016-08	55138	115083	4.17436	1	2.12257	13	0.0267277	-0.182774	0.854975	-0.630325	0.706446	58	2016-07	634	370	0.981913	4939	4351	0.922216	0.95
2016-09	55441	115536	4.16789	1	2.11432	12	0.0253647	-0.365848	0.714479	-0.628781	0.699115	71	2016-08	704	401	0.980212	4832	4379	0.923187	0.95
2016-10	55840	118853	4.25691	1	2.12487	12	0.0249356	-0.16014	0.872771	-0.626106	0.702179	53	2016-09	686	287	0.982664	6909	3592	0.914239	1
2016-11	55986	119216	4.25878	1	2.11918	11	0.0236154	-0.225943	0.821246	-0.628453	0.703676	48	2016-10	580	434	0.982028	4343	3980	0.932441	1
2016-12	56342	119667	4.24788	1	2.12898	10	0.0223659	-0.11395	0.909277	-0.631301	0.701588	67	2016-11	686	330	0.982072	4752	4301	0.926973	0.95
2017-01	56578	120314	4.25303	1	2.12184	10	0.0222682	-0.165384	0.868642	-0.634031	0.70161	59	2016-12	611	375	0.982687	4603	3956	0.931126	1
2017-02	56887	121088	4.25714	1	2.12472	11	0.0235186	-0.137098	0.890953	-0.640147	0.703518	48	2017-01	640	331	0.98303	4549	3775	0.933335	1
2017-03	57240	121518	4.24591	1	2.12404	10	0.0221597	-0.181659	0.85585	-0.633012	0.704776	56	2017-02	633	280	0.984127	5127	4697	0.922165	0.95
2017-04	57488	121538	4.22829	1	2.1235	16	0.0292237	-0.262875	0.792647	-0.642756	0.707098	57	2017-03	670	422	0.981143	4892	4872	0.922759	1
2017-05	57786	122813	4.25061	1	2.11594	11	0.0232387	-0.300271	0.763971	-0.646496	0.705167	54	2017-04	671	373	0.982049	5289	4014	0.926648	1
2017-06	58197	123553	4.24603	1	2.11535	11	0.0231562	-0.349385	0.7268	-0.644778	0.702414	67	2017-05	764	353	0.980922	4870	4130	0.929513	1
2017-07	58496	123791	4.23246	1	2.12239	10	0.0219318	-0.223941	0.822803	-0.643851	0.703842	53	2017-06	709	410	0.981004	4692	4454	0.928683	1
2017-08	58768	124948	4.25225	1	2.12612	11	0.0231269	-0.165898	0.868237	-0.643622	0.70314	59	2017-07	693	421	0.981179	5217	4060	0.92809	1
2017-09	59119	125619	4.2497	1	2.11748	11	0.0229785	-0.319251	0.749536	-0.648353	0.705013	54	2017-08	746	395	0.980828	4903	4232	0.92965	0.95
2017-10	59424	126169	4.2464	1	2.11651	11	0.0229199	-0.348025	0.727822	-0.643926	0.694979	71	2017-09	707	402	0.981463	5030	4480	0.92721	1
2017-11	59708	126973	4.25313	1	2.12091	10	0.0216281	-0.273004	0.78485	-0.639594	0.692277	88	2017-10	723	439	0.980681	5903	5099	0.916697	0.95
2017-12	60026	127746	4.25636	1	2.12762	14	0.0262806	-0.257013	0.797169	-0.64819	0.69572	72	2017-11	741	423	0.980744	5229	4456	0.926741	0.95
2018-01	60286	127995	4.24626	1	2.12049	15	0.0272641	-0.420898	0.673829	-0.649307	0.69874	73	2017-12	687	427	0.981651	4860	4611	0.928578	0.95
2018-02	60588	128071	4.2276	1	2.10521	12	0.0238133	-0.654216	0.512973	-0.641317	0.700354	74	2018-01	700	398	0.981996	4823	4747	0.927947	1
2018-03	60867	131438	4.31886	1	2.12686	16	0.028023	-0.292448	0.769944	-0.660397	0.691934	69	2018-02	645	366	0.983489	7169	3802	0.918878	0.95
2018-04	61230	133988	4.37655	1	2.13034	11	0.0222276	-0.193033	0.846933	-0.661592	0.688983	72	2018-03	729	366	0.982223	6704	4154	0.9214	0.95
2018-05	61655	133962	4.34554	1	2.12916	17	0.0286991	-0.21987	0.825972	-0.65308	0.690633	64	2018-04	770	345	0.982016	5072	5098	0.926866	0.95
2018-06	61890	135786	4.38798	1	2.11362	12	0.0231903	-0.354174	0.723208	-0.648205	0.684485	80	2018-05	762	527	0.979349	7129	5305	0.911872	0.95
2018-07	62120	136094	4.38165	1	2.11232	11	0.0219542	-0.372343	0.709637	-0.652747	0.687387	73	2018-06	683	453	0.981845	6799	6491	0.906792	0.9
2018-08	62380	139165	4.46185	1	2.11862	12	0.0228766	-0.275923	0.782607	-0.663325	0.681981	70	2018-07	759	499	0.979993	8695	5624	0.901104	1
2018-09	62765	142627	4.54479	1	2.14026	8	0.017771	-0.115256	0.908242	-0.657453	0.673037	72	2018-08	793	408	0.980989	8816	5354	0.904244	0.9
2018-10	63075	148030	4.69378	1	2.11487	6	0.0143014	-0.363922	0.715916	-0.649503	0.664204	69	2018-09	720	410	0.982201	11753	6350	0.882737	0.9
2018-11	63377	147538	4.65588	1	2.12112	6	0.0143781	-0.258067	0.796355	-0.662408	0.669092	68	2018-10	781	479	0.980268	7047	7539	0.905943	1
2018-12	63749	152825	4.79459	1	2.12229	5	0.0125539	-2.02309	0.0430634	-0.656724	0.658078	66	2018-11	761	389	0.98207	12006	6719	0.882634	0.85
2019-01	63918	156169	4.88654	1	2.12804	18	0.0263263	-0.110982	0.91163	-0.655396	0.662532	67	2018-12	603	434	0.983886	9292	5948	0.905994	0.9
2019-02	64217	156432	4.87198	1	2.1433	14	0.0228888	0.204327	0.838098	-0.650027	0.664557	51	2019-01	703	404	0.982869	6900	6637	0.916986	0.95
2019-03	64498	157244	4.87593	1	2.15627	14	0.0229608	0.699986	0.483936	-0.653286	0.661748	66	2019-02	694	413	0.982946	7718	6906	0.910911	0.95
2019-04	64815	158844	4.90146	1	2.1336	13	0.0216288	0.170104	0.864929	-0.649283	0.654952	66	2019-03	800	483	0.980352	8716	7116	0.904604	0.9
2019-05	65118	165713	5.08962	1	2.12128	13	0.0208001	-0.195457	0.845035	-0.64828	0.65186	54	2019-04	746	443	0.981864	12958	6089	0.889134	0.9
2019-06	65548	170013	5.18744	1	2.09602	5	0.0116022	-0.922691	0.356168	-0.650747	0.646918	64	2019-05	816	386	0.98177	12233	7933	0.886673	0.9
2019-07	65894	172635	5.23978	1	2.09128	5	0.0114611	-0.772472	0.439835	-0.653819	0.643191	72	2019-06	753	407	0.982504	11635	9013	0.88633	0.95
2019-08	66299	173881	5.24536	1	2.13762	15	0.0219547	0.308723	0.757532	-0.646187	0.642353	60	2019-07	858	453	0.98036	12023	10777	0.876529	0.95
2019-09	66722	182001	5.4555	1	2.14478	19	0.0243131	0.782455	0.433947	-0.629518	0.633093	66	2019-08	834	411	0.981455	17908	9788	0.855591	0.85
2019-10	67042	181613	5.41789	1	2.04943	5	0.0109565	-1.51189	0.130562	-0.648744	0.631082	77	2019-09	736	416	0.982923	10309	10697	0.89077	0.95
2019-11	67326	187991	5.5845	1	2.14225	15	0.0210233	0.607253	0.543683	-0.653653	0.624594	66	2019-10	823	539	0.979931	16798	10420	0.86282	0.9
2019-12	67645	187529	5.5445	1	2.14129	17	0.0221704	0.374782	0.707822	-0.657453	0.635078	71	2019-11	810	491	0.980906	16914	17376	0.832654	0.85
2020-01	68112	195716	5.74689	1	2.13935	20	0.0235783	0.433003	0.665012	-0.643684	0.625285	71	2019-12	864	397	0.981594	18389	10202	0.861153	0.9
2020-02	68315	195441	5.72176	1	2.12972	21	0.0239231	-0.0855871	0.931795	-0.630737	0.630012	68	2020-01	750	547	0.981165	14290	14565	0.862599	0.85
2020-03	68708	197550	5.75042	1	2.15231	23	0.0252297	0.662772	0.507477	-0.636489	0.626589	69	2020-02	837	444	0.981476	13122	11013	0.88428	0.9
2020-04	69050	199732	5.78514	1	2.13163	20	0.0230274	-0.0118477	0.990547	-0.637984	0.628714	67	2020-03	843	501	0.980676	15946	13764	0.86084	0.85
2020-05	69421	206479	5.9486	1	2.11119	37	0.0319974	-0.226024	0.821183	-0.636092	0.618603	72	2020-04	814	443	0.982008	17668	10921	0.868496	0.9
2020-06	69742	203606	5.83883	1	2.12888	18	0.0216214	0.172235	0.863253	-0.627397	0.628499	68	2020-05	726	405	0.983877	12305	15178	0.874383	0.85
2020-07	70056	206383	5.89194	1	2.14577	20	0.0229109	0.606807	0.543979	-0.630316	0.62249	63	2020-06	762	448	0.982838	14377	11600	0.88083	0.9
2020-08	70452	206426	5.86005	1	2.05587	4	0.00897711	-6.86115	6.83061e-12	-0.63103	0.621525	71	2020-07	830	434	0.982169	11363	11320	0.895828	0.9
2020-09	70794	209778	5.92643	1	2.05318	4	0.00884962	-4.05291	5.05836e-05	-0.634443	0.618992	60	2020-08	797	455	0.982428	14150	10798	0.886896	0.9
2020-10	71131	210195	5.91008	1	2.03062	5	0.00996432	-1.99804	0.0457123	-0.640924	0.618742	68	2020-09	839	502	0.98128	11432	11015	0.898526	1
2020-11	71449	212549	5.94967	1	2.05399	4	0.00877198	-2.1954	0.0281346	-0.653763	0.617102	80	2020-10	839	521	0.981103	13266	10912	0.891802	0.95
2020-12	71678	215080	6.00128	1	2.04127	4	0.00868301	-1.93119	0.0534597	-0.645413	0.606737	80	2020-11	753	524	0.982314	14348	11817	0.884683	0.95
2021-01	71983	216502	6.01536	1	2.04667	4	0.00868526	-2.18704	0.0287397	-0.649457	0.606867	60	2020-12	779	474	0.982707	10731	9309	0.911253	1
2021-02	72191	214088	5.93115	1	2.01862	5	0.00985661	-2.18246	0.0290757	-0.631088	0.617267	82	2021-01	679	471	0.984173	10800	13214	0.894352	1
2021-03	72371	213721	5.90626	1	2.04434	4	0.00877599	-2.74742	0.00600658	-0.637497	0.61511	82	2021-02	666	486	0.984188	10152	10519	0.907818	0.95
2021-04	72761	219311	6.02826	1	2.01501	5	0.00971491	-2.24862	0.0245367	-0.640747	0.614725	77	2021-03	877	487	0.981378	16341	10751	0.88224	0.85
2021-05	73144	222327	6.07916	1	2.03911	4	0.00856581	-2.84534	0.00443642	-0.645899	0.61419	75	2021-04	802	419	0.983402	14508	11492	0.888803	0.95
2021-06	77376	227688	5.88524	1	2.00847	5	0.00955904	-2.52931	0.0114288	-0.666924	0.620026	71	2021-05	4773	541	0.931799	15704	10343	0.890573	0.9
2021-07	74968	219978	5.86858	1	2.03106	5	0.00979525	-1.78171	0.0747969	-0.661113	0.613436	87	2021-06	746	3154	0.950078	13035	20745	0.859673	0.85
2021-08	77894	217705	5.58978	1	2.0516	5	0.010003	-1.41433	0.157264	-0.667937	0.62742	81	2021-07	3424	498	0.949969	15855	18128	0.855902	0.85
2021-09	78172	217134	5.55529	1	2.07452	4	0.0088541	-5.39104	7.00506e-08	-0.67272	0.637157	79	2021-08	728	450	0.985017	9494	10065	0.913912	1
2021-10	78449	220529	5.62223	1	2.0494	5	0.00990665	-1.53524	0.124726	-0.667194	0.635475	73	2021-09	633	356	0.98745	12499	9104	0.905924	0.95
2021-11	78745	219680	5.57953	1	2.08351	4	0.0088026	-4.78328	1.7246e-06	-0.670206	0.632824	66	2021-10	672	376	0.986754	12455	13304	0.889439	0.95
2021-12	78720	219014	5.56438	1	2.055	5	0.00997189	-1.53111	0.125741	-0.675879	0.633277	66	2021-11	611	636	0.984286	11862	12528	0.894663	0.95
2022-01	78952	218982	5.54722	1	2.08564	4	0.00884952	-4.31688	1.58254e-05	-0.670025	0.637025	80	2021-12	766	534	0.983645	10807	10839	0.905814	0.95
2022-02	79223	218565	5.51772	1	2.06944	5	0.01006	-1.09222	0.274734	-0.674928	0.638806	90	2022-01	636	365	0.987423	9302	9719	0.916678	1
2022-03	79365	217322	5.47652	1	2.07168	5	0.0100958	-1.11569	0.264554	-0.669454	0.637685	71	2022-02	664	522	0.985154	11451	12694	0.895029	0.95
2022-04	79573	218975	5.50375	1	2.06085	5	0.0100277	-1.24969	0.211413	-0.668864	0.639765	83	2022-03	706	498	0.984963	15180	13527	0.87653	0.95
2022-05	79728	220531	5.53208	1	2.06032	5	0.00996277	-1.42234	0.154928	-0.671212	0.637564	81	2022-04	700	545	0.98449	12913	11357	0.895337	0.95
2022-06	79848	220745	5.52913	1	2.06006	5	0.00995465	-1.45344	0.146102	-0.669169	0.635939	75	2022-05	653	533	0.985245	9421	9207	0.918992	1
2022-07	80128	223876	5.58796	1	2.04949	5	0.00980962	-1.87547	0.0607277	-0.666203	0.635934	73	2022-06	703	423	0.986021	11339	8208	0.915776	1
2022-08	80743	225936	5.59642	1	2.06383	5	0.00983005	-1.40449	0.160173	-0.666676	0.633762	78	2022-07	685	70	0.990657	10356	8296	0.92037	0.95
2022-09	80403	222766	5.54124	1	2.08866	4	0.00878066	-4.97062	6.67389e-07	-0.671834	0.630499	81	2022-08	637	977	0.980167	9050	12220	0.909484	0.95
2022-10	80625	225265	5.58797	1	2.05429	5	0.00982999	-1.54053	0.12343	-0.670136	0.626585	98	2022-09	744	522	0.984399	12651	10152	0.903138	0.9
2022-11	80727	226365	5.60816	1	2.05439	5	0.00980666	-1.53533	0.124702	-0.665411	0.628188	79	2022-10	674	572	0.984674	10880	9780	0.912511	0.9
2022-12	80975	226584	5.59639	1	2.08067	4	0.00868103	-5.02596	5.00915e-07	-0.668355	0.635778	75	2022-11	773	525	0.984074	10884	10665	0.909171	0.95
2023-01	81071	225114	5.5535	1	2.08873	4	0.00869096	-1.0566	0.290693	-0.671619	0.629833	75	2022-12	741	645	0.983039	8959	10429	0.917688	1
2023-02	81113	228383	5.63123	1	2.07534	4	0.00858243	-0.938933	0.347765	-0.674415	0.609754	70	2023-01	632	590	0.985043	13245	9976	0.90258	0.95
2023-03	81292	223990	5.51075	1	2.09603	4	0.00874613	-2.99552	0.00273978	-0.677385	0.636364	79	2023-02	650	471	0.98629	8953	13346	0.906045	0.95
2023-04	81412	224885	5.52462	1	2.09543	4	0.00872143	-2.54183	0.0110273	-0.673606	0.623917	87	2023-03	777	657	0.982527	10523	9628	0.914073	1
2023-05	81541	225114	5.52149	1	2.10065	4	0.00875106	-3.18351	0.001455	-0.679043	0.630802	82	2023-04	664	535	0.985392	11032	10803	0.907446	1
2023-06	81679	228950	5.60609	1	2.10802	6	0.0110356	-0.606131	0.544428	-0.681423	0.608075	70	2023-05	689	551	0.98492	14218	10382	0.897214	0.95
2023-07	81735	230330	5.63602	1	2.07818	4	0.00853608	-1.39766	0.162214	-0.671286	0.628656	74	2023-06	675	619	0.984287	11833	10453	0.907444	0.95
2023-08	81981	238195	5.81098	1	2.11712	6	0.010786	-0.55141	0.581353	-0.689945	0.606405	83	2023-07	711	465	0.985736	18422	10557	0.883502	0.9
2023-09	82145	235864	5.74263	1	2.1216	6	0.0108561	-0.436773	0.662276	-0.69613	0.607856	81	2023-08	719	555	0.984595	10232	12563	0.908243	0.95
2023-10	82398	238484	5.78859	1	2.11123	6	0.0107512	-0.658507	0.510212	-0.685544	0.61864	73	2023-09	764	511	0.984622	11777	9157	0.915466	1
2023-11	82570	237556	5.75405	1	2.12679	6	0.0108567	-0.58299	0.5599	-0.699425	0.623232	76	2023-10	704	532	0.985127	10078	11006	0.915176	1
2023-12	82599	236152	5.71804	1	2.08222	4	0.00838677	-1.33138	0.183064	-0.686114	0.614449	83	2023-11	713	684	0.983226	14141	15545	0.882057	0.9
2024-01	82906	237608	5.73199	1	2.11707	5	0.0096666	-0.569598	0.56895	-0.701546	0.622581	72	2023-12	710	403	0.98664	13445	11989	0.8981	0.95
2024-02	83004	236860	5.70719	1	2.10019	3	0.00701795	-1.52815	0.126476	-0.6927	0.608944	79	2024-01	689	591	0.984688	9920	10668	0.916826	1
2024-03	82952	231828	5.58945	1	2.12702	5	0.00986607	-0.338785	0.734771	-0.700339	0.612059	77	2024-02	705	757	0.982535	10656	15688	0.893566	0.9
2024-04	83236	234028	5.62324	1	2.12679	5	0.00981678	-0.17623	0.860113	-0.690553	0.620122	78	2024-03	848	564	0.98315	13131	10931	0.901771	0.9
2024-05	83424	234353	5.61836	1	2.12344	5	0.00979092	-0.316616	0.751535	-0.693373	0.620664	71	2024-04	768	580	0.983953	11354	11029	0.908783	0.95
2024-06	83603	237450	5.68042	1	2.10556	3	0.00699705	-1.80061	0.0717647	-0.695973	0.614177	80	2024-05	783	604	0.983529	12755	9658	0.909299	0.95
2024-07	83559	234359	5.60943	1	2.0978	4	0.00845083	-1.25178	0.210649	-0.68269	0.615689	61	2024-06	659	703	0.983836	9390	12481	0.911396	1
2024-08	83679	238993	5.71214	1	2.10725	5	0.00960435	-1.00939	0.31279	-0.699187	0.61257	67	2024-07	778	658	0.982973	15436	10802	0.894962	0.95
2024-09	83853	236034	5.62971	1	2.10759	5	0.0096719	-1.17739	0.239039	-0.697271	0.61151	80	2024-08	728	554	0.984812	11574	14533	0.895808	0.95
2024-10	83975	235909	5.61855	1	2.10964	5	0.00968349	-1.10481	0.269243	-0.698987	0.615087	80	2024-09	716	594	0.98451	10837	10962	0.911699	0.9
2024-11	84114	237428	5.64539	1	2.11122	3	0.00700199	-1.962	0.0497625	-0.698664	0.608044	72	2024-10	727	588	0.984475	13725	12206	0.896124	0.9
2024-12	84176	234866	5.58036	1	2.10215	34	0.0306388	-0.316107	0.751921	-0.708613	0.612281	80	2024-11	661	599	0.985137	13119	15681	0.885052	0.85
2025-01	84208	232787	5.52886	1	2.13557	6	0.0110396	-0.224458	0.822401	-0.700283	0.618474	85	2024-12	639	607	0.985309	9529	11608	0.913513	1
2025-02	84311	234428	5.56103	1	2.12221	5	0.00977202	-0.778645	0.436189	-0.701932	0.614788	84	2025-01	640	537	0.986128	9570	7929	0.927797	1
2025-03	84486	234911	5.56095	1	2.12637	5	0.0097812	-0.671467	0.501923	-0.703919	0.614923	85	2025-02	658	483	0.986572	10551	10068	0.915834	0.9
2025-04	84511	232688	5.50669	1	2.14248	6	0.0111014	0.0133935	0.989314	-0.707332	0.623544	83	2025-03	674	649	0.984465	9076	11299	0.916491	1
2025-05	84557	231018	5.4642	1	2.13279	5	0.00990971	-0.593166	0.55307	-0.702274	0.618589	80	2025-04	637	591	0.985578	9853	11523	0.911866	0.95
2025-06	84524	233407	5.52286	1	2.10896	48	0.0374043	-0.351295	0.725367	-0.700409	0.624434	79	2025-05	722	755	0.98268	13273	10884	0.901114	1
2025-07	84621	233392	5.51617	1	2.11765	4	0.00850917	-0.991555	0.321415	-0.693846	0.611876	73	2025-06	710	613	0.984478	10516	10531	0.913715	0.95
2025-08	84821	233812	5.51307	1	2.11937	4	0.00851362	-0.89669	0.369884	-0.698733	0.618205	93	2025-07	811	611	0.983355	10227	9807	0.917765	0.95
2025-09	85095	235634	5.53814	1	2.10753	30	0.0285582	-0.27439	0.783785	-0.699506	0.613875	85	2025-08	744	470	0.985812	9450	7628	0.929796	0.95
2025-10	85146	234941	5.51854	1	2.12154	4	0.00851315	-0.726524	0.467517	-0.686851	0.61624	87	2025-09	657	606	0.985271	9375	10068	0.920644	0.95
2025-11	85258	236348	5.5443	1	2.13055	5	0.00976753	-0.478992	0.631945	-0.697313	0.611244	84	2025-10	798	686	0.982733	11116	9709	0.915365	1
2025-12	85380	237072	5.55334	1	2.12801	5	0.00972822	-0.708266	0.47878	-0.69362	0.614348	89	2025-11	758	636	0.983794	9254	8530	0.92759	0.95
2026-01	85491	237212	5.5494	1	2.13074	5	0.00973118	-0.599801	0.548639	-0.693587	0.616026	83	2025-12	726	615	0.984426	10164	10024	0.918345	0.95
2026-02	85648	237307	5.54145	1	2.14882	6	0.0109906	0.120621	0.903991	-0.695419	0.623224	83	2026-01	721	564	0.985095	11421	11326	0.908512	0.9
2026-03	85878	239016	5.56641	1	2.14602	6	0.0109383	-0.244971	0.806479	-0.694365	0.611197	80	2026-02	820	590	0.983693	11100	9391	0.91751	0.95
2026-04	86114	239705	5.56716	1	2.12955	5	0.00969327	-0.423103	0.67222	-0.686874	0.614093	73	2026-03	851	615	0.983097	10615	9926	0.917715	1
